Country/Region,2/1/20,2/2/20,2/3/20,2/4/20,2/5/20,2/6/20,2/7/20,2/8/20,2/9/20,2/10/20,2/11/20,2/12/20,2/13/20,2/14/20,2/15/20,2/16/20,2/17/20,2/18/20,2/19/20,2/20/20,2/21/20,2/22/20,2/23/20,2/24/20,2/25/20,2/26/20,2/27/20,2/28/20,2/29/20,3/1/20,3/2/20,3/3/20,3/4/20,3/5/20,3/6/20,3/7/20,3/8/20,3/9/20,3/10/20,3/11/20,3/12/20,3/13/20,3/14/20,3/15/20,3/16/20,3/17/20,3/18/20,3/19/20,3/20/20,3/21/20,3/22/20,3/23/20,3/24/20,3/25/20,3/26/20,3/27/20,3/28/20,3/29/20,3/30/20,3/31/20,4/1/20,4/2/20,4/3/20,4/4/20,4/5/20,4/6/20,4/7/20,4/8/20,4/9/20,4/10/20,4/11/20,4/12/20,4/13/20,4/14/20,4/15/20,4/16/20,4/17/20,4/18/20,4/19/20,4/20/20,4/21/20,4/22/20,4/23/20,4/24/20,4/25/20,4/26/20,4/27/20,4/28/20,4/29/20,4/30/20,5/1/20,5/2/20,5/3/20,5/4/20,5/5/20,5/6/20,5/7/20,5/8/20,5/9/20,5/10/20,5/11/20,5/12/20,5/13/20,5/14/20,5/15/20,5/16/20,5/17/20,5/18/20,5/19/20,5/20/20,5/21/20,5/22/20,5/23/20,5/24/20,5/25/20,5/26/20,5/27/20,5/28/20,5/29/20,5/30/20,5/31/20,6/1/20
Albania,0,0,0,0,0,0,0,0,0,0,0,0,0,0,0,0,0,0,0,0,0,0,0,0,0,0,0,0,0,0,0,0,0,0,0,0,0,2,10,12,23,33,38,42,51,55,59,64,70,76,89,104,123,146,174,186,197,212,223,243,259,277,304,333,361,377,383,400,409,416,433,446,467,475,494,518,539,548,562,584,609,634,663,678,712,726,736,750,766,773,782,789,795,803,820,832,842,850,856,868,872,876,880,898,916,933,946,948,949,964,969,981,989,998,1004,1029,1050,1076,1099,1122,1137,1143
Andorra,0,0,0,0,0,0,0,0,0,0,0,0,0,0,0,0,0,0,0,0,0,0,0,0,0,0,0,0,0,0,1,1,1,1,1,1,1,1,1,1,1,1,1,1,2,39,39,53,75,88,113,133,164,188,224,267,308,334,370,376,390,428,439,466,501,525,545,564,583,601,601,638,646,659,673,673,696,704,713,717,717,723,723,731,738,738,743,743,743,745,745,747,748,750,751,751,752,752,754,755,755,758,760,761,761,761,761,761,761,762,762,762,762,762,763,763,763,763,764,764,764,765
Armenia,0,0,0,0,0,0,0,0,0,0,0,0,0,0,0,0,0,0,0,0,0,0,0,0,0,0,0,0,0,1,1,1,1,1,1,1,1,1,1,1,4,8,18,26,52,78,84,115,136,160,194,235,249,265,290,329,407,424,482,532,571,663,736,770,822,833,853,881,921,937,967,1013,1039,1067,1111,1159,1201,1248,1291,1339,1401,1473,1523,1596,1677,1746,1808,1867,1932,2066,2148,2273,2386,2507,2619,2782,2884,3029,3175,3313,3392,3538,3718,3860,4044,4283,4472,4823,5041,5271,5606,5928,6302,6661,7113,7402,7774,8216,8676,8927,9282,9492
Austria,0,0,0,0,0,0,0,0,0,0,0,0,0,0,0,0,0,0,0,0,0,0,0,0,2,2,3,3,9,14,18,21,29,41,55,79,104,131,182,246,302,504,655,860,1018,1332,1646,2013,2388,2814,3582,4474,5283,5588,6909,7657,8271,8788,9618,10180,10711,11129,11524,11781,12051,12297,12639,12942,13244,13555,13806,13945,14041,14226,14336,14476,14595,14671,14749,14795,14873,14925,15002,15071,15148,15225,15274,15357,15402,15452,15531,15558,15597,15621,15650,15684,15752,15774,15833,15871,15882,15961,15997,16058,16109,16201,16242,16269,16321,16353,16404,16436,16486,16503,16539,16557,16591,16628,16655,16685,16731,16733
Azerbaijan,0,0,0,0,0,0,0,0,0,0,0,0,0,0,0,0,0,0,0,0,0,0,0,0,0,0,0,0,0,3,3,3,3,6,6,9,9,9,11,11,11,15,15,23,28,28,28,44,44,53,65,72,87,93,122,165,182,209,273,298,359,400,443,521,584,641,717,822,926,991,1058,1098,1148,1197,1253,1283,1340,1373,1398,1436,1480,1518,1548,1592,1617,1645,1678,1717,1766,1804,1854,1894,1932,1984,2060,2127,2204,2279,2422,2519,2589,2693,2758,2879,2980,3138,3274,3387,3518,3631,3749,3855,3982,4122,4271,4403,4568,4759,4989,5246,5494,5662
Belarus,0,0,0,0,0,0,0,0,0,0,0,0,0,0,0,0,0,0,0,0,0,0,0,0,0,0,0,1,1,1,1,1,6,6,6,6,6,6,9,9,12,27,27,27,36,36,51,51,69,76,76,81,81,86,86,94,94,94,152,152,163,304,351,440,562,700,861,1066,1486,1981,2226,2578,2919,3281,3728,4204,4779,5297,5807,6264,6723,7281,8022,8773,9590,10463,11289,12208,13181,14027,14917,15828,16705,17489,18350,19255,20168,21101,22052,22973,23906,24873,25825,26772,27730,28681,29650,30572,31508,32426,33371,34303,35244,36198,37144,38059,38956,39858,40764,41658,42556,43403
Belgium,0,0,0,1,1,1,1,1,1,1,1,1,1,1,1,1,1,1,1,1,1,1,1,1,1,1,1,1,1,2,8,13,23,50,109,169,200,239,267,314,314,559,689,886,1058,1243,1486,1795,2257,2815,3401,3743,4269,4937,6235,7284,9134,10836,11899,12775,13964,15348,16770,18431,19691,20814,22194,23403,24983,26667,28018,29647,30589,31119,33573,34809,36138,37183,38496,39983,40956,41889,42797,44293,45325,46134,46687,47334,47859,48519,49032,49517,49906,50267,50509,50781,51420,52011,52596,53081,53449,53779,53981,54288,54644,54989,55280,55559,55791,55983,56235,56511,56810,57092,57342,57455,57592,57849,58061,58186,58381,58517
Bosnia and Herzegovina,0,0,0,0,0,0,0,0,0,0,0,0,0,0,0,0,0,0,0,0,0,0,0,0,0,0,0,0,0,0,0,0,0,2,2,3,3,3,5,7,11,13,18,24,25,26,38,63,89,93,126,136,166,176,191,237,258,323,368,420,459,533,579,624,654,674,764,804,858,901,946,1009,1037,1083,1110,1167,1214,1268,1285,1309,1342,1368,1413,1421,1486,1516,1565,1585,1677,1757,1781,1839,1857,1926,1946,1987,2027,2070,2090,2117,2141,2158,2181,2218,2236,2267,2290,2304,2321,2338,2350,2372,2391,2401,2406,2416,2435,2462,2485,2494,2510,2524
Bulgaria,0,0,0,0,0,0,0,0,0,0,0,0,0,0,0,0,0,0,0,0,0,0,0,0,0,0,0,0,0,0,0,0,0,0,0,0,4,4,4,7,7,23,41,51,52,67,92,94,127,163,187,201,218,242,264,293,331,346,359,399,422,457,485,503,531,549,577,593,618,635,661,675,685,713,747,800,846,878,894,929,975,1024,1097,1234,1247,1300,1363,1399,1447,1506,1555,1594,1618,1652,1704,1778,1829,1872,1921,1965,1990,2023,2069,2100,2138,2175,2211,2235,2259,2292,2331,2372,2408,2427,2433,2443,2460,2477,2485,2499,2513,2519
Croatia,0,0,0,0,0,0,0,0,0,0,0,0,0,0,0,0,0,0,0,0,0,0,0,0,1,3,3,5,6,7,7,9,10,10,11,12,12,12,14,19,19,32,38,49,57,65,81,105,128,206,254,315,382,442,495,586,657,713,790,867,963,1011,1079,1126,1182,1222,1282,1343,1407,1495,1534,1600,1650,1704,1741,1791,1814,1832,1871,1881,1908,1950,1981,2009,2016,2030,2039,2047,2062,2076,2085,2088,2096,2101,2112,2119,2125,2161,2176,2187,2196,2207,2213,2221,2222,2224,2226,2228,2232,2234,2237,2243,2243,2244,2244,2244,2244,2245,2245,2246,2246,2246
Cyprus,0,0,0,0,0,0,0,0,0,0,0,0,0,0,0,0,0,0,0,0,0,0,0,0,0,0,0,0,0,0,0,0,0,0,0,0,0,2,3,6,6,14,26,26,33,46,49,67,67,84,95,116,124,132,146,162,179,214,230,262,320,356,396,426,446,465,494,526,564,595,616,633,662,695,715,735,750,761,767,772,784,790,795,804,810,817,822,837,843,850,857,864,872,874,878,883,889,891,892,898,901,903,905,907,910,914,916,917,918,922,923,927,927,935,937,939,939,941,942,944,944,949
Czechia,0,0,0,0,0,0,0,0,0,0,0,0,0,0,0,0,0,0,0,0,0,0,0,0,0,0,0,0,0,3,3,5,8,12,18,19,31,31,41,91,94,141,189,253,298,396,464,694,833,995,1120,1236,1394,1654,1925,2279,2631,2817,3001,3308,3508,3858,4091,4472,4587,4822,5017,5312,5569,5732,5831,5991,6059,6111,6216,6433,6549,6606,6746,6900,7033,7132,7187,7273,7352,7404,7445,7504,7579,7682,7737,7755,7781,7819,7896,7974,8031,8077,8095,8123,8176,8221,8269,8351,8406,8455,8475,8586,8647,8721,8754,8813,8890,8955,9002,9050,9086,9140,9196,9230,9268,9302
Denmark,0,0,0,0,0,0,0,0,0,0,0,0,0,0,0,0,0,0,0,0,0,0,0,0,0,0,1,1,3,4,4,6,10,10,23,23,35,90,262,442,615,801,827,864,914,977,1057,1151,1255,1326,1395,1450,1591,1724,1877,2046,2201,2395,2577,2860,3107,3386,3757,4077,4369,4681,5071,5402,5635,5819,5996,6174,6318,6511,6681,6879,7073,7242,7384,7515,7695,7912,8073,8210,8445,8575,8698,8851,9008,9158,9311,9407,9523,9670,9821,9938,10083,10218,10319,10429,10513,10591,10667,10713,10791,10858,10927,10968,11044,11117,11182,11230,11289,11360,11387,11428,11480,11512,11593,11633,11669,11699
Estonia,0,0,0,0,0,0,0,0,0,0,0,0,0,0,0,0,0,0,0,0,0,0,0,0,0,0,1,1,1,1,1,2,2,3,10,10,10,10,12,16,16,79,115,171,205,225,258,267,283,306,326,352,369,404,538,575,645,679,715,745,779,858,961,1039,1097,1108,1149,1185,1207,1258,1304,1309,1332,1373,1400,1434,1459,1512,1528,1535,1552,1559,1592,1605,1635,1643,1647,1660,1666,1689,1694,1699,1700,1703,1711,1713,1720,1725,1733,1739,1741,1746,1751,1758,1766,1770,1774,1784,1791,1794,1800,1807,1821,1823,1824,1834,1840,1851,1859,1865,1869,1870
Finland,1,1,1,1,1,1,1,1,1,1,1,1,1,1,1,1,1,1,1,1,1,1,1,1,1,2,2,2,3,6,6,6,6,12,15,15,23,30,40,59,59,155,225,244,277,321,336,400,450,523,626,700,792,880,958,1041,1167,1240,1352,1418,1446,1518,1615,1882,1927,2176,2308,2487,2605,2769,2905,2974,3064,3161,3237,3369,3489,3681,3783,3868,4014,4129,4284,4395,4475,4576,4695,4740,4906,4995,5051,5176,5254,5327,5412,5573,5673,5738,5880,5962,5984,6003,6054,6145,6228,6286,6347,6380,6399,6443,6493,6537,6568,6579,6599,6628,6692,6743,6776,6826,6859,6885
France,6,6,6,6,6,6,6,11,11,11,11,11,11,11,12,12,12,12,12,12,12,12,12,12,14,18,38,57,100,130,191,204,285,377,653,949,1126,1209,1784,2281,2281,3661,4469,4499,6633,7652,9043,10871,12612,14282,16018,19856,22304,25233,29155,32964,37575,40174,44550,52128,56989,59105,64338,68605,70478,74390,78167,82048,86334,90676,93790,120633,124298,129257,132473,144944,146923,146906,151808,154188,156921,154715,157026,158636,160292,160847,164589,167605,165093,165764,165764,166976,167272,167886,168935,172465,173040,174318,174758,175027,175479,176207,175981,176712,177319,177207,177240,177554,178428,179069,179306,179645,179964,179859,180166,179887,180044,183309,183816,185616,185851,185952
Georgia,0,0,0,0,0,0,0,0,0,0,0,0,0,0,0,0,0,0,0,0,0,0,0,0,0,1,1,1,1,3,3,3,3,4,4,4,13,15,15,24,24,25,30,33,33,34,38,40,43,49,54,61,70,75,79,83,90,91,103,110,117,134,155,162,174,188,196,211,218,234,242,257,272,300,306,348,370,388,394,402,408,416,425,444,456,486,497,511,517,539,566,582,589,593,604,610,615,623,626,635,638,642,647,667,671,683,695,701,707,713,721,723,728,730,731,732,735,738,746,757,783,794
Greece,0,0,0,0,0,0,0,0,0,0,0,0,0,0,0,0,0,0,0,0,0,0,0,0,0,1,3,4,4,7,7,7,9,31,45,46,73,73,89,99,99,190,228,331,331,387,418,418,495,530,624,695,743,821,892,966,1061,1156,1212,1314,1415,1544,1613,1673,1735,1755,1832,1884,1955,2011,2081,2114,2145,2170,2192,2207,2224,2235,2235,2245,2401,2408,2463,2490,2506,2517,2534,2566,2576,2591,2612,2620,2626,2632,2642,2663,2678,2691,2710,2716,2726,2744,2760,2770,2810,2819,2834,2836,2840,2850,2853,2874,2876,2878,2882,2892,2903,2906,2909,2915,2917,2918
Hungary,0,0,0,0,0,0,0,0,0,0,0,0,0,0,0,0,0,0,0,0,0,0,0,0,0,0,0,0,0,0,0,0,2,2,2,4,7,9,9,13,13,19,30,32,39,50,58,73,85,103,131,167,187,226,261,300,343,408,447,492,525,585,623,678,733,744,817,895,980,1190,1310,1410,1458,1512,1579,1652,1763,1834,1916,1984,2098,2168,2284,2443,2443,2500,2583,2649,2727,2775,2863,2942,2998,3035,3065,3111,3150,3178,3213,3263,3284,3313,3341,3380,3417,3473,3509,3535,3556,3598,3641,3678,3713,3741,3756,3771,3793,3816,3841,3867,3876,3892
Iceland,0,0,0,0,0,0,0,0,0,0,0,0,0,0,0,0,0,0,0,0,0,0,0,0,0,0,0,1,1,3,6,11,26,34,43,50,50,58,69,85,103,134,156,171,180,220,250,330,409,473,568,588,648,737,802,890,963,1020,1086,1135,1220,1319,1364,1417,1486,1562,1586,1616,1648,1675,1689,1701,1711,1720,1727,1739,1754,1760,1771,1773,1778,1785,1789,1789,1790,1792,1792,1795,1797,1797,1798,1798,1799,1799,1799,1799,1801,1801,1801,1801,1801,1801,1802,1802,1802,1802,1802,1802,1802,1803,1803,1803,1804,1804,1804,1804,1805,1805,1805,1806,1806,1806
Ireland,0,0,0,0,0,0,0,0,0,0,0,0,0,0,0,0,0,0,0,0,0,0,0,0,0,0,0,0,1,1,1,2,6,6,18,18,19,21,34,43,43,90,129,129,169,223,292,557,683,785,906,1125,1329,1564,1819,2121,2415,2615,2910,3235,3447,3849,4273,4604,4994,5364,5709,6074,6574,8089,8928,9655,10647,11479,12547,13271,13980,14758,15251,15652,16040,16671,17607,18184,18561,19262,19648,19877,20253,20612,20833,21176,21506,21772,21983,22248,22385,22541,22760,22996,23135,23242,23401,23827,23956,24048,24112,24200,24251,24315,24391,24506,24582,24639,24698,24735,24803,24841,24876,24929,24990,25062
Italy,2,2,2,2,2,2,3,3,3,3,3,3,3,3,3,3,3,3,3,3,20,62,155,229,322,453,655,888,1128,1694,2036,2502,3089,3858,4636,5883,7375,9172,10149,12462,15113,17660,21157,24747,27980,31506,35713,41035,47021,53578,59138,63927,69176,74386,80589,86498,92472,97689,101739,105792,110574,115242,119827,124632,128948,132547,135586,139422,143626,147577,152271,156363,159516,162488,165155,168941,172434,175925,178972,181228,183957,187327,189973,192994,195351,197675,199414,201505,203591,205463,207428,209328,210717,211938,213013,214457,215858,217185,218268,219070,219814,221216,222104,223096,223885,224760,225435,225886,226699,227364,228006,228658,229327,229858,230158,230555,231139,231732,232248,232664,232997,233197
Kazakhstan,0,0,0,0,0,0,0,0,0,0,0,0,0,0,0,0,0,0,0,0,0,0,0,0,0,0,0,0,0,0,0,0,0,0,0,0,0,0,0,0,0,4,6,9,10,33,35,44,49,53,60,62,72,81,111,150,228,284,302,343,380,435,464,531,584,662,697,727,781,812,865,951,1091,1232,1295,1402,1546,1615,1676,1852,1995,2135,2289,2482,2601,2717,2835,3027,3138,3402,3597,3857,3920,4049,4205,4422,4578,4834,4975,5090,5207,5279,5417,5571,5689,5850,6157,6751,6751,6969,7234,7919,7919,8531,8969,8969,9304,9576,9932,10382,10858,11308
Latvia,0,0,0,0,0,0,0,0,0,0,0,0,0,0,0,0,0,0,0,0,0,0,0,0,0,0,0,0,0,0,1,1,1,1,1,1,2,6,8,10,10,17,26,30,34,49,71,86,111,124,139,180,197,221,244,280,305,347,376,398,446,458,493,509,533,542,548,577,589,612,630,651,655,657,666,675,682,712,727,739,748,761,778,784,804,812,818,836,849,858,870,871,879,896,896,900,909,928,930,939,946,950,951,962,970,997,1008,1009,1012,1016,1025,1030,1046,1047,1049,1053,1057,1061,1064,1065,1066,1066
Liechtenstein,0,0,0,0,0,0,0,0,0,0,0,0,0,0,0,0,0,0,0,0,0,0,0,0,0,0,0,0,0,0,0,0,1,1,1,1,1,1,1,1,1,1,4,4,4,7,28,28,28,37,37,51,51,51,56,56,56,56,62,68,68,75,76,77,77,77,78,78,78,79,79,79,79,79,79,79,79,79,81,81,81,81,81,81,81,82,82,82,82,82,82,82,82,82,82,82,82,82,82,82,82,82,82,82,82,82,82,82,82,82,82,82,82,82,82,82,82,82,82,82,82,82
Lithuania,0,0,0,0,0,0,0,0,0,0,0,0,0,0,0,0,0,0,0,0,0,0,0,0,0,0,0,1,1,1,1,1,1,1,1,1,1,1,1,3,3,6,8,12,17,25,27,36,49,83,143,179,209,274,299,358,394,460,491,537,581,649,696,771,811,843,880,912,955,999,1026,1053,1062,1070,1091,1128,1149,1239,1298,1326,1350,1370,1398,1410,1426,1438,1449,1344,1375,1385,1399,1406,1410,1419,1423,1428,1433,1436,1444,1479,1485,1491,1505,1511,1523,1534,1541,1547,1562,1577,1593,1604,1616,1623,1635,1639,1647,1656,1662,1670,1675,1678
Luxembourg,0,0,0,0,0,0,0,0,0,0,0,0,0,0,0,0,0,0,0,0,0,0,0,0,0,0,0,0,1,1,1,1,1,1,2,2,3,3,5,7,19,34,51,59,77,140,203,335,484,670,798,875,1099,1333,1453,1605,1831,1950,1988,2178,2319,2487,2612,2729,2804,2843,2970,3034,3115,3223,3270,3281,3292,3307,3373,3444,3480,3537,3550,3558,3618,3654,3665,3695,3711,3723,3729,3741,3769,3784,3802,3812,3824,3828,3840,3851,3859,3871,3877,3886,3888,3894,3904,3915,3923,3930,3945,3947,3958,3971,3980,3981,3990,3992,3993,3995,4001,4008,4012,4016,4018,4019
Malta,0,0,0,0,0,0,0,0,0,0,0,0,0,0,0,0,0,0,0,0,0,0,0,0,0,0,0,0,0,0,0,0,0,0,0,3,3,3,5,6,6,12,18,21,30,38,38,53,64,73,90,107,110,129,134,139,149,151,156,169,188,196,202,213,227,241,293,299,337,350,370,378,384,393,399,412,422,426,427,431,443,444,445,447,448,448,450,458,463,465,467,468,477,480,482,484,486,489,490,496,503,506,508,522,532,546,553,558,569,584,599,600,609,610,611,611,612,616,616,618,618,619
Moldova,0,0,0,0,0,0,0,0,0,0,0,0,0,0,0,0,0,0,0,0,0,0,0,0,0,0,0,0,0,0,0,0,0,0,0,0,1,1,3,3,3,6,12,23,23,30,30,49,66,80,94,109,125,149,177,199,231,263,298,353,423,505,591,752,864,965,1056,1174,1289,1438,1560,1662,1712,1934,2049,2154,2264,2378,2472,2548,2614,2778,2926,3110,3304,3408,3481,3638,3771,3897,3980,4052,4121,4248,4363,4476,4605,4728,4867,4927,4995,5154,5406,5553,5745,5934,6060,6138,6340,6553,6704,6847,6994,7093,7147,7305,7537,7725,7896,8098,8251,8360
Monaco,0,0,0,0,0,0,0,0,0,0,0,0,0,0,0,0,0,0,0,0,0,0,0,0,0,0,0,0,1,1,1,1,1,1,1,1,1,1,1,1,2,2,2,2,7,7,7,7,11,11,23,23,23,31,33,42,42,46,49,52,55,60,64,66,73,77,79,81,84,90,92,93,93,93,93,93,94,94,94,94,94,94,94,94,94,94,95,95,95,95,95,95,95,95,95,95,95,95,96,96,96,96,96,96,96,96,96,97,97,97,97,97,98,98,98,98,98,98,98,99,99,99
Montenegro,0,0,0,0,0,0,0,0,0,0,0,0,0,0,0,0,0,0,0,0,0,0,0,0,0,0,0,0,0,0,0,0,0,0,0,0,0,0,0,0,0,0,0,0,0,2,2,3,14,14,21,27,47,52,69,82,84,85,91,109,123,144,174,201,214,233,241,248,252,255,263,272,274,283,288,303,303,307,308,312,313,315,316,319,320,321,321,321,322,322,322,322,322,323,324,324,324,324,324,324,324,324,324,324,324,324,324,324,324,324,324,324,324,324,324,324,324,324,324,324,324,324
Netherlands,0,0,0,0,0,0,0,0,0,0,0,0,0,0,0,0,0,0,0,0,0,0,0,0,0,0,1,1,6,10,18,24,38,82,128,188,265,321,382,503,503,804,959,1135,1413,1705,2051,2460,2994,3631,4204,4749,5560,6412,7431,8603,9762,10866,11750,12595,13614,14697,15723,16627,17851,18803,19580,20549,21762,23097,24413,25587,26551,27419,28153,29214,30449,31589,32655,33405,34134,34842,35729,36535,37190,37845,38245,38416,38802,39316,39791,40236,40571,40770,41087,41319,41774,42093,42382,42627,42788,42984,43211,43481,43681,43870,43995,44141,44249,44447,44700,44888,45064,45236,45445,45578,45768,45950,46126,46257,46442,46545
North Macedonia,0,0,0,0,0,0,0,0,0,0,0,0,0,0,0,0,0,0,0,0,0,0,0,0,0,1,1,1,1,1,1,1,1,1,3,3,3,3,7,7,7,14,14,14,18,26,35,48,67,85,115,136,148,177,201,219,241,259,285,329,354,384,430,483,555,570,599,617,663,711,760,828,854,908,974,1081,1117,1170,1207,1225,1231,1259,1300,1326,1367,1386,1399,1421,1442,1465,1494,1506,1511,1518,1526,1539,1572,1586,1622,1642,1664,1674,1694,1723,1740,1762,1792,1817,1839,1858,1898,1921,1941,1978,1999,2014,2039,2077,2129,2164,2226,2315
Norway,0,0,0,0,0,0,0,0,0,0,0,0,0,0,0,0,0,0,0,0,0,0,0,0,0,1,1,6,15,19,25,32,56,87,108,147,176,205,400,598,702,996,1090,1221,1333,1463,1550,1746,1914,2118,2385,2621,2863,3084,3369,3755,4015,4284,4445,4641,4863,5147,5370,5550,5687,5865,6086,6086,6211,6314,6409,6525,6603,6623,6740,6896,6937,7036,7078,7156,7191,7338,7401,7463,7499,7527,7599,7660,7710,7738,7783,7809,7847,7904,7955,7996,8034,8070,8099,8105,8132,8157,8175,8196,8219,8237,8249,8257,8267,8281,8309,8332,8346,8352,8364,8383,8401,8411,8422,8437,8440,8446
Poland,0,0,0,0,0,0,0,0,0,0,0,0,0,0,0,0,0,0,0,0,0,0,0,0,0,0,0,0,0,0,0,0,1,1,5,5,11,16,22,31,49,68,103,119,177,238,251,355,425,536,634,749,901,1051,1221,1389,1638,1862,2055,2311,2554,2946,3383,3627,4102,4413,4848,5205,5575,5955,6356,6674,6934,7202,7582,7918,8379,8742,9287,9593,9856,10169,10511,10892,11273,11617,11902,12218,12640,12877,13105,13375,13693,14006,14431,14740,15047,15366,15651,15996,16326,16921,17204,17615,18016,18257,18529,18885,19268,19739,20143,20619,20931,21326,21631,22074,22473,22825,23155,23571,23786,24165
Portugal,0,0,0,0,0,0,0,0,0,0,0,0,0,0,0,0,0,0,0,0,0,0,0,0,0,0,0,0,0,0,2,2,5,8,13,20,30,30,41,59,59,112,169,245,331,448,448,785,1020,1280,1600,2060,2362,2995,3544,4268,5170,5962,6408,7443,8251,9034,9886,10524,11278,11730,12442,13141,13956,15472,15987,16585,16934,17448,18091,18841,19022,19685,20206,20863,21379,21982,22353,22797,23392,23864,24027,24322,24505,25045,25351,25190,25282,25524,25702,26182,26715,27268,27406,27581,27679,27913,28132,28319,28583,28810,29036,29209,29432,29660,29912,30200,30471,30623,30788,31007,31292,31596,31946,32203,32500,32700
Romania,0,0,0,0,0,0,0,0,0,0,0,0,0,0,0,0,0,0,0,0,0,0,0,0,0,1,1,3,3,3,3,3,4,6,9,9,15,15,25,45,49,89,123,131,158,184,260,277,308,367,433,576,794,906,1029,1292,1452,1815,2109,2245,2460,2738,3183,3613,3864,4057,4417,4761,5202,5467,5990,6300,6633,6879,7216,7707,8067,8418,8746,8936,9242,9710,10096,10417,10635,11036,11339,11616,11978,12240,12567,12732,13163,13512,13837,14107,14499,14811,15131,15362,15588,15778,16002,16247,16437,16704,16871,17036,17191,17387,17585,17712,17857,18070,18283,18429,18594,18791,18982,19133,19257,19398
Russia,2,2,2,2,2,2,2,2,2,2,2,2,2,2,2,2,2,2,2,2,2,2,2,2,2,2,2,2,2,2,3,3,3,4,13,13,17,17,20,20,28,45,59,63,90,114,147,199,253,306,367,438,495,658,840,1036,1264,1534,1836,2337,2777,3548,4149,4731,5389,6343,7497,8672,10131,11917,13584,15770,18328,21102,24490,27938,32008,36793,42853,47121,52763,57999,62773,68622,74588,80949,87147,93558,99399,106498,114431,124054,134687,145268,155370,165929,177160,187859,198676,209688,221344,232243,242271,252245,262843,272043,281752,290678,299941,308705,317554,326448,335882,344481,353427,362342,370680,379051,387623,396575,405843,414328
San Marino,0,0,0,0,0,0,0,0,0,0,0,0,0,0,0,0,0,0,0,0,0,0,0,0,0,0,1,1,1,1,8,10,16,21,21,23,36,36,51,62,69,80,80,101,109,109,119,119,144,144,175,187,187,208,208,223,224,224,230,236,236,245,245,259,266,266,279,279,333,344,356,356,356,371,372,426,435,455,461,462,476,488,501,513,513,538,538,553,563,569,580,580,582,582,589,608,622,623,637,628,628,638,643,648,652,653,654,654,655,656,658,661,665,665,666,666,667,670,671,671,671,671
Serbia,0,0,0,0,0,0,0,0,0,0,0,0,0,0,0,0,0,0,0,0,0,0,0,0,0,0,0,0,0,0,0,0,0,0,1,1,1,1,5,12,19,35,46,48,55,65,83,103,135,171,222,249,303,384,384,457,659,741,785,900,1060,1171,1476,1624,1908,2200,2447,2666,2867,3105,3380,3630,4054,4465,4873,5318,5690,5994,6318,6630,6890,7144,7276,7483,7779,8042,8275,8497,8724,9009,9009,9362,9464,9557,9677,9791,9848,9943,10032,10032,10176,10243,10295,10374,10438,10496,10610,10699,10733,10833,10919,11024,11092,11159,11193,11227,11275,11300,11354,11381,11412,11430
Slovakia,0,0,0,0,0,0,0,0,0,0,0,0,0,0,0,0,0,0,0,0,0,0,0,0,0,0,0,0,0,0,0,0,0,0,1,1,3,3,7,10,16,32,44,54,63,72,105,123,137,178,185,186,204,216,226,269,292,314,336,363,400,426,450,471,485,534,581,682,701,715,728,742,769,835,863,977,1049,1089,1161,1173,1199,1244,1325,1360,1373,1379,1381,1384,1391,1396,1403,1407,1408,1413,1421,1429,1445,1455,1455,1457,1457,1465,1469,1477,1480,1493,1494,1495,1495,1496,1502,1503,1504,1509,1511,1513,1515,1520,1520,1521,1521,1522
Slovenia,0,0,0,0,0,0,0,0,0,0,0,0,0,0,0,0,0,0,0,0,0,0,0,0,0,0,0,0,0,0,0,0,0,2,7,7,16,16,31,57,89,141,181,219,253,275,275,286,341,383,414,442,480,528,562,632,684,730,756,802,841,897,934,977,997,1021,1059,1091,1124,1160,1188,1205,1212,1220,1248,1268,1304,1317,1330,1335,1344,1353,1366,1373,1388,1396,1402,1408,1418,1429,1434,1439,1439,1439,1445,1448,1449,1450,1454,1457,1460,1461,1463,1464,1465,1465,1466,1466,1467,1468,1468,1468,1468,1468,1469,1469,1471,1473,1473,1473,1473,1473
Spain,1,1,1,1,1,1,1,1,2,2,2,2,2,2,2,2,2,2,2,2,2,2,2,2,6,13,15,32,45,84,120,165,222,259,400,500,673,1073,1695,2277,2277,5232,6391,7798,9942,11748,13910,17963,20410,25374,28768,35136,39885,49515,57786,65719,73235,80110,87956,95923,104118,112065,119199,126168,131646,136675,141942,148220,153222,158273,163027,166831,170099,172541,177644,184948,190839,191726,198674,200210,204178,208389,213024,202990,205905,207634,209465,210773,212917,213435,215216,216582,217466,218011,219329,220325,221447,222857,223578,224350,227436,228030,228691,229540,230183,230698,230698,231606,232037,232555,233037,234824,235290,235772,235400,236259,236259,237906,238564,239228,239479,239638
Sweden,1,1,1,1,1,1,1,1,1,1,1,1,1,1,1,1,1,1,1,1,1,1,1,1,1,2,7,7,12,14,15,21,35,94,101,161,203,248,355,500,599,814,961,1022,1103,1190,1279,1439,1639,1763,1934,2046,2286,2526,2840,3069,3447,3700,4028,4435,4947,5568,6131,6443,6830,7206,7693,8419,9141,9685,10151,10483,10948,11445,11927,12540,13216,13822,14385,14777,15322,16004,16755,17567,18177,18640,18926,19621,20302,21092,21520,22082,22317,22721,23216,23918,24623,25265,25921,26322,26670,27272,27909,28582,29207,29677,30143,30377,30799,31523,32172,32809,33188,33459,33843,34440,35088,35727,36476,37113,37542,37814
Switzerland,0,0,0,0,0,0,0,0,0,0,0,0,0,0,0,0,0,0,0,0,0,0,0,0,1,1,8,8,18,27,42,56,90,114,214,268,337,374,491,652,652,1139,1359,2200,2200,2700,3028,4075,5294,6575,7474,8795,9877,10897,11811,12928,14076,14829,15922,16605,17768,18827,19606,20505,21100,21657,22253,23280,24051,24551,25107,25415,25688,25936,26336,26732,27078,27404,27740,27944,28063,28268,28496,28677,28894,29061,29164,29264,29407,29586,29705,29817,29905,29981,30009,30060,30126,30207,30251,30305,30344,30380,30413,30463,30514,30572,30587,30597,30618,30658,30694,30707,30725,30736,30746,30761,30776,30796,30828,30845,30862,30871
Turkey,0,0,0,0,0,0,0,0,0,0,0,0,0,0,0,0,0,0,0,0,0,0,0,0,0,0,0,0,0,0,0,0,0,0,0,0,0,0,0,1,1,5,5,6,18,47,98,192,359,670,1236,1529,1872,2433,3629,5698,7402,9217,10827,13531,15679,18135,20921,23934,27069,30217,34109,38226,42282,47029,52167,56956,61049,65111,69392,74193,78546,82329,86306,90980,95591,98674,101790,104912,107773,110130,112261,114653,117589,120204,122392,124375,126045,127659,129491,131744,133721,135569,137115,138657,139771,141475,143114,144749,146457,148067,149435,150593,151615,152587,153548,154500,155686,156827,157814,158762,159797,160979,162120,163103,163942,164769
Ukraine,0,0,0,0,0,0,0,0,0,0,0,0,0,0,0,0,0,0,0,0,0,0,0,0,0,0,0,0,0,0,0,1,1,1,1,1,1,1,1,1,1,3,3,3,7,14,14,16,29,47,73,73,97,145,196,310,356,475,548,645,794,897,1072,1225,1308,1319,1462,1668,1892,2203,2511,2777,3102,3372,3764,4161,4662,5106,5449,5710,6125,6592,7170,7647,8125,8617,9009,9410,9866,10406,10861,11411,11913,12331,12697,13184,13691,14195,14710,15232,15648,16023,16425,16847,17330,17858,18291,18616,18876,19230,19706,20148,20580,20986,21245,21584,21905,22382,22811,23204,23672,24562
United Kingdom,2,2,8,8,9,9,9,13,14,14,15,16,17,18,18,18,19,19,20,22,23,23,28,30,34,37,44,56,61,94,134,189,245,294,373,428,482,629,887,1298,1787,2266,2630,3072,3684,4452,5451,6506,7760,8957,10333,12668,15039,17732,20816,24017,26839,29696,33969,38484,43398,48263,53178,57198,60792,66067,71517,76646,81498,85813,89390,92885,97068,101393,106458,111756,116721,121437,125289,130147,134907,140397,145540,150513,154261,157729,162431,167152,172587,177543,182270,185491,188465,191843,195527,199358,203125,206174,208324,210645,214228,217617,220915,223524,226041,228106,229932,232506,235547,238253,240795,242825,244332,245680,247287,248937,250739,252473,253977,255076,256145,257579
